seed,held_out,train_worlds,mode,hide_dest,runs,goals,goal_rate,avg_energy,energy_score,gap_to_opt,ltm_count,pref_sigs,rules_written
101,Terrain-A,Terrain-B+Terrain-C+Terrain-D,with_brain,0,30,30,1,33.0519,33.0519,5.8741,512,321,512
101,Terrain-A,Terrain-B+Terrain-C+Terrain-D,no_brain,0,30,30,1,120.429,120.429,21.4033,512,321,512
202,Terrain-A,Terrain-B+Terrain-C+Terrain-D,with_brain,0,30,30,1,31.3102,31.3102,5.5646,512,342,512
202,Terrain-A,Terrain-B+Terrain-C+Terrain-D,no_brain,0,30,30,1,141.4705,141.4705,25.1429,512,342,512
303,Terrain-A,Terrain-B+Terrain-C+Terrain-D,with_brain,0,30,30,1,35.2158,35.2158,6.2587,512,322,512
303,Terrain-A,Terrain-B+Terrain-C+Terrain-D,no_brain,0,30,30,1,109.1831,109.1831,19.4046,512,322,512
404,Terrain-A,Terrain-B+Terrain-C+Terrain-D,with_brain,0,30,30,1,25.7959,25.7959,4.5846,512,321,512
404,Terrain-A,Terrain-B+Terrain-C+Terrain-D,no_brain,0,30,30,1,134.0224,134.0224,23.8191,512,321,512
505,Terrain-A,Terrain-B+Terrain-C+Terrain-D,with_brain,0,30,30,1,25.0552,25.0552,4.4529,512,326,512
505,Terrain-A,Terrain-B+Terrain-C+Terrain-D,no_brain,0,30,30,1,108.1413,108.1413,19.2194,512,326,512
101,Terrain-B,Terrain-A+Terrain-C+Terrain-D,with_brain,0,30,30,1,25.2404,25.2404,3.7654,512,361,512
101,Terrain-B,Terrain-A+Terrain-C+Terrain-D,no_brain,0,30,29,0.9667,176.2981,171.2755,26.3003,512,361,512
202,Terrain-B,Terrain-A+Terrain-C+Terrain-D,with_brain,0,30,30,1,24.4319,24.4319,3.6448,512,370,512
202,Terrain-B,Terrain-A+Terrain-C+Terrain-D,no_brain,0,30,30,1,106.2443,106.2443,15.8496,512,370,512
303,Terrain-B,Terrain-A+Terrain-C+Terrain-D,with_brain,0,30,30,1,33.9563,33.9563,5.0656,512,368,512
303,Terrain-B,Terrain-A+Terrain-C+Terrain-D,no_brain,0,30,30,1,133.2964,133.2964,19.8853,512,368,512
404,Terrain-B,Terrain-A+Terrain-C+Terrain-D,with_brain,0,30,30,1,21.7683,21.7683,3.2474,512,362,512
404,Terrain-B,Terrain-A+Terrain-C+Terrain-D,no_brain,0,30,30,1,122.4662,122.4662,18.2696,512,362,512
505,Terrain-B,Terrain-A+Terrain-C+Terrain-D,with_brain,0,30,30,1,23.7914,23.7914,3.5492,512,368,512
505,Terrain-B,Terrain-A+Terrain-C+Terrain-D,no_brain,0,30,30,1,160.4477,160.4477,23.9358,512,368,512
101,Terrain-C,Terrain-A+Terrain-B+Terrain-D,with_brain,0,30,30,1,28.7846,28.7846,4.3574,512,330,512
101,Terrain-C,Terrain-A+Terrain-B+Terrain-D,no_brain,0,30,30,1,95.7492,95.7492,14.4945,512,330,512
202,Terrain-C,Terrain-A+Terrain-B+Terrain-D,with_brain,0,30,30,1,24.1084,24.1084,3.6495,512,327,512
202,Terrain-C,Terrain-A+Terrain-B+Terrain-D,no_brain,0,30,30,1,77.7484,77.7484,11.7696,512,327,512
303,Terrain-C,Terrain-A+Terrain-B+Terrain-D,with_brain,0,30,30,1,29.4813,29.4813,4.4629,512,336,512
303,Terrain-C,Terrain-A+Terrain-B+Terrain-D,no_brain,0,30,30,1,81.965,81.965,12.4079,512,336,512
404,Terrain-C,Terrain-A+Terrain-B+Terrain-D,with_brain,0,30,30,1,25.4867,25.4867,3.8582,512,341,512
404,Terrain-C,Terrain-A+Terrain-B+Terrain-D,no_brain,0,30,30,1,92.8211,92.8211,14.0513,512,341,512
505,Terrain-C,Terrain-A+Terrain-B+Terrain-D,with_brain,0,30,30,1,20.1232,20.1232,3.0463,512,331,512
505,Terrain-C,Terrain-A+Terrain-B+Terrain-D,no_brain,0,30,30,1,112.7583,112.7583,17.0694,512,331,512
101,Terrain-D,Terrain-A+Terrain-B+Terrain-C,with_brain,0,30,30,1,31.1434,31.1434,5.9124,512,322,512
101,Terrain-D,Terrain-A+Terrain-B+Terrain-C,no_brain,0,30,30,1,88.0846,88.0846,16.7223,512,322,512
202,Terrain-D,Terrain-A+Terrain-B+Terrain-C,with_brain,0,30,30,1,28.3202,28.3202,5.3764,512,317,512
202,Terrain-D,Terrain-A+Terrain-B+Terrain-C,no_brain,0,30,30,1,90.248,90.248,17.133,512,317,512
303,Terrain-D,Terrain-A+Terrain-B+Terrain-C,with_brain,0,30,30,1,31.2077,31.2077,5.9246,512,318,512
303,Terrain-D,Terrain-A+Terrain-B+Terrain-C,no_brain,0,30,30,1,94.2272,94.2272,17.8884,512,318,512
404,Terrain-D,Terrain-A+Terrain-B+Terrain-C,with_brain,0,30,30,1,28.3955,28.3955,5.3907,512,321,512
404,Terrain-D,Terrain-A+Terrain-B+Terrain-C,no_brain,0,30,30,1,112.5779,112.5779,21.3722,512,321,512
505,Terrain-D,Terrain-A+Terrain-B+Terrain-C,with_brain,0,30,30,1,23.1373,23.1373,4.3925,512,311,512
505,Terrain-D,Terrain-A+Terrain-B+Terrain-C,no_brain,0,30,30,1,81.2135,81.2135,15.4179,512,311,512
