seed,world,mode,hide_dest,runs,goals,goal_rate,avg_energy,energy_score,gap_to_opt,ltm_count,pref_sigs,rules_written
11,Terrain-A,with_brain,0,30,30,1,20.4158,20.4158,3.6284,512,398,512
11,Terrain-A,no_brain,0,30,30,1,105.9017,105.9017,18.8214,512,398,512
11,Terrain-B,with_brain,0,30,30,1,31.475,31.475,4.6955,512,398,512
11,Terrain-B,no_brain,0,30,30,1,159.4791,159.4791,23.7913,512,398,512
11,Terrain-C,with_brain,0,30,30,1,24.7994,24.7994,3.7541,512,398,512
11,Terrain-C,no_brain,0,30,30,1,85.6085,85.6085,12.9594,512,398,512
11,Terrain-D,with_brain,0,30,30,1,30.7716,30.7716,5.8418,512,398,512
11,Terrain-D,no_brain,0,30,30,1,102.0697,102.0697,19.3773,512,398,512
22,Terrain-A,with_brain,0,30,30,1,27.3162,27.3162,4.8548,512,393,512
22,Terrain-A,no_brain,0,30,30,1,110.9575,110.9575,19.7199,512,393,512
22,Terrain-B,with_brain,0,30,30,1,39.2549,39.2549,5.8561,512,393,512
22,Terrain-B,no_brain,0,30,30,1,151.9044,151.9044,22.6613,512,393,512
22,Terrain-C,with_brain,0,30,30,1,35.6922,35.6922,5.4031,512,393,512
22,Terrain-C,no_brain,0,30,30,1,87.444,87.444,13.2373,512,393,512
22,Terrain-D,with_brain,0,30,30,1,45.4974,45.4974,8.6374,512,393,512
22,Terrain-D,no_brain,0,30,30,1,105.3347,105.3347,19.9971,512,393,512
33,Terrain-A,with_brain,0,30,30,1,32.0778,32.0778,5.701,512,406,512
33,Terrain-A,no_brain,0,30,30,1,118.1796,118.1796,21.0035,512,406,512
33,Terrain-B,with_brain,0,30,30,1,23.6481,23.6481,3.5278,512,406,512
33,Terrain-B,no_brain,0,30,30,1,113.7995,113.7995,16.9767,512,406,512
33,Terrain-C,with_brain,0,30,30,1,43.0606,43.0606,6.5185,512,406,512
33,Terrain-C,no_brain,0,30,30,1,74.8183,74.8183,11.326,512,406,512
33,Terrain-D,with_brain,0,30,30,1,44.2906,44.2906,8.4083,512,406,512
33,Terrain-D,no_brain,0,30,30,1,94.5473,94.5473,17.9492,512,406,512
44,Terrain-A,with_brain,0,30,30,1,18.6745,18.6745,3.3189,512,404,512
44,Terrain-A,no_brain,0,30,30,1,108.6179,108.6179,19.3041,512,404,512
44,Terrain-B,with_brain,0,30,30,1,32.0834,32.0834,4.7862,512,404,512
44,Terrain-B,no_brain,0,30,30,1,142.8366,142.8366,21.3085,512,404,512
44,Terrain-C,with_brain,0,30,30,1,30.0847,30.0847,4.5542,512,404,512
44,Terrain-C,no_brain,0,30,30,1,94.3803,94.3803,14.2873,512,404,512
44,Terrain-D,with_brain,0,30,30,1,38.1753,38.1753,7.2473,512,404,512
44,Terrain-D,no_brain,0,30,30,1,103.9127,103.9127,19.7271,512,404,512
55,Terrain-A,with_brain,0,30,30,1,27.8168,27.8168,4.9437,512,408,512
55,Terrain-A,no_brain,0,30,30,1,149.5059,149.5059,26.5709,512,408,512
55,Terrain-B,with_brain,0,30,30,1,25.3654,25.3654,3.784,512,408,512
55,Terrain-B,no_brain,0,30,30,1,121.4804,121.4804,18.1226,512,408,512
55,Terrain-C,with_brain,0,30,30,1,40.0287,40.0287,6.0595,512,408,512
55,Terrain-C,no_brain,0,30,30,1,117.3244,117.3244,17.7606,512,408,512
55,Terrain-D,with_brain,0,30,30,1,36.5753,36.5753,6.9436,512,408,512
55,Terrain-D,no_brain,0,30,30,1,95.861,95.861,18.1986,512,408,512
