world,n,SW_energy_mean,SW_energy_std,BC_energy_mean,BC_energy_std,Empty_energy_mean,Empty_energy_std,SW_gain_pct_vs_Empty_mean,SW_gain_pct_vs_Empty_std,BC_gain_pct_vs_Empty_mean,BC_gain_pct_vs_Empty_std,SW_minus_BC_gain_pp_mean,SW_goal_mean,BC_goal_mean,Empty_goal_mean
Terrain-A,25,32.6184,5.2249,101.0984,13.9089,132.6725,21.4448,74.816,5.5206,21.5398,17.843,53.2762,1,1,1
Terrain-B,25,28.5492,8.2869,92.3445,14.5708,140.3867,21.1617,79.1181,7.0684,32.9997,13.5928,46.1185,1,1,0.9933
Terrain-C,25,27.0475,5.7555,85.3643,13.4466,90.6204,11.784,69.5459,7.9916,4.9733,15.1952,64.5726,1,1,1
Terrain-D,25,28.9539,4.4198,85.2068,11.7985,95.6185,12.4173,69.4292,4.9618,9.6722,15.9414,59.7569,1,1,1
Terrain-01,25,26.7153,4.5681,88.0709,18.5252,82.0497,12.8244,66.8164,7.0134,-9.5005,27.6304,76.3169,1,1,1
Terrain-02,25,29.7965,6.4616,90.3828,16.1429,128.5902,19.335,76.3158,6.4831,28.1981,16.6261,48.1176,1,1,1
Terrain-03,25,24.68,4.8209,86.5852,11.6975,88.5183,10.9795,71.9228,5.2284,0.5524,19.0393,71.3704,1,1,1
Terrain-04,25,29.9122,5.7547,87.0646,16.9801,88.9892,13.0523,65.6563,8.1934,0.7601,21.1745,64.8961,1,1,1
Terrain-05,25,27.3074,4.2009,93.8745,14.177,96.7452,10.8102,71.5675,4.829,1.6814,19.2424,69.8861,1,1,1
Terrain-06,25,27.7231,5.7768,88.2979,12.863,98.0864,12.3435,71.4735,5.9291,8.2241,20.0044,63.2494,1,1,1
Terrain-07,25,27.1683,8.5451,84.5632,11.37,140.4486,22.037,80.3189,6.5613,38.4177,12.4313,41.9012,1,1,0.996
Terrain-08,25,26.9554,4.44,81.948,14.1967,85.3638,10.6376,68.1725,5.0204,2.7084,20.6422,65.4641,1,1,1
Terrain-09,25,27.3086,4.8246,94.6653,12.7054,99.8942,13.8927,72.3914,4.8137,2.9937,21.6996,69.3978,1,1,1
Terrain-10,25,30.2432,4.6582,97.0184,16.1554,119.4666,18.4076,74.1926,4.9907,17.0972,17.7548,57.0954,1,1,1
Terrain-11,25,32.2845,5.823,97.556,12.4762,263.9236,45.4761,87.4551,2.7525,62.2309,6.7915,25.2242,1,1,0.9427
Terrain-12,25,27.9289,3.3903,91.477,19.0157,118.2591,16.4103,76.042,3.7302,21.9614,15.7688,54.0806,1,1,1
Terrain-13,25,31.815,5.2733,98.2822,14.8238,106.2947,13.3221,69.5724,6.8772,6.221,18.1232,63.3513,1,1,1
Terrain-14,25,31.5872,8.8278,95.0552,16.0594,173.0913,26.5369,81.4981,5.3444,43.8748,12.5817,37.6233,1,1,0.9907
Terrain-15,25,29.5151,6.2689,99.0342,14.5593,142.7824,20.7864,78.9153,5.2065,29.0519,15.9125,49.8634,1,1,0.996
Terrain-16,25,27.7074,5.4929,93.6827,14.2948,332.1576,73.1403,91.2712,2.7604,70.495,8.0363,20.7762,1,1,0.8867
