world,start_x,start_y,goal_x,goal_y,opt_energy,opt_steps,greedy_energy,greedy_steps,greedy_over_opt_pct
Terrain-A,5,19,13,0,5.6267,21,10.3169,19,83.36
Terrain-B,0,3,19,17,6.7033,19,7.1852,19,7.19
Terrain-C,3,0,16,19,6.6059,21,9.0786,19,37.43
Terrain-D,17,5,0,13,5.2675,18,9.742,17,84.94
Terrain-01,5,19,13,0,6.1146,19,7.815,19,27.81
Terrain-02,0,3,19,17,6.295,23,10.0675,19,59.93
Terrain-03,3,0,16,19,5.0047,20,5.3369,19,6.64
Terrain-04,17,5,0,13,6.3931,22,7.891,17,23.43
Terrain-05,5,19,13,0,5.6626,22,8.468,19,49.54
Terrain-06,0,3,19,17,6.0779,25,7.9637,19,31.03
Terrain-07,3,0,16,19,5.953,21,7.4147,19,24.55
Terrain-08,17,5,0,13,6.3607,17,8.1644,17,28.36
Terrain-09,5,19,13,0,6.0182,19,9.1968,19,52.82
Terrain-10,0,3,19,17,6.2009,23,9.5746,19,54.41
Terrain-11,3,0,16,19,7.2104,24,11.8916,19,64.92
Terrain-12,17,5,0,13,5.7957,18,8.0365,17,38.66
Terrain-13,5,19,13,0,7.9201,26,11.981,19,51.27
Terrain-14,0,3,19,17,7.3825,19,8.5379,19,15.65
Terrain-15,3,0,16,19,6.7826,19,9.0136,19,32.89
Terrain-16,17,5,0,13,6.3385,17,7.5511,17,19.13
