seed,world,mode,runs,goals,goal_rate,avg_energy,energy_score,gap_to_opt
3,Terrain-A,empty_brain,40,40,1,98.7743,98.7743,17.5547
3,Terrain-A,no_brain,40,40,1,98.7743,98.7743,17.5547
3,Terrain-B,empty_brain,40,40,1,143.5357,143.5357,21.4128
3,Terrain-B,no_brain,40,40,1,143.5357,143.5357,21.4128
3,Terrain-C,empty_brain,40,40,1,86.6392,86.6392,13.1154
3,Terrain-C,no_brain,40,40,1,86.6392,86.6392,13.1154
3,Terrain-D,empty_brain,40,40,1,99.4971,99.4971,18.8889
3,Terrain-D,no_brain,40,40,1,99.4971,99.4971,18.8889
13,Terrain-A,empty_brain,40,40,1,136.9811,136.9811,24.345
13,Terrain-A,no_brain,40,40,1,136.9811,136.9811,24.345
13,Terrain-B,empty_brain,40,40,1,125.5693,125.5693,18.7326
13,Terrain-B,no_brain,40,40,1,125.5693,125.5693,18.7326
13,Terrain-C,empty_brain,40,40,1,79.5321,79.5321,12.0396
13,Terrain-C,no_brain,40,40,1,79.5321,79.5321,12.0396
13,Terrain-D,empty_brain,40,40,1,88.5512,88.5512,16.8109
13,Terrain-D,no_brain,40,40,1,88.5512,88.5512,16.8109
23,Terrain-A,empty_brain,40,40,1,139.1073,139.1073,24.7229
23,Terrain-A,no_brain,40,40,1,139.1073,139.1073,24.7229
23,Terrain-B,empty_brain,40,40,1,131.3878,131.3878,19.6006
23,Terrain-B,no_brain,40,40,1,131.3878,131.3878,19.6006
23,Terrain-C,empty_brain,40,40,1,93.8543,93.8543,14.2077
23,Terrain-C,no_brain,40,40,1,93.8543,93.8543,14.2077
23,Terrain-D,empty_brain,40,40,1,121.8758,121.8758,23.1373
23,Terrain-D,no_brain,40,40,1,121.8758,121.8758,23.1373
43,Terrain-A,empty_brain,40,40,1,118.5591,118.5591,21.0709
43,Terrain-A,no_brain,40,40,1,118.5591,118.5591,21.0709
43,Terrain-B,empty_brain,40,40,1,128.6508,128.6508,19.1923
43,Terrain-B,no_brain,40,40,1,128.6508,128.6508,19.1923
43,Terrain-C,empty_brain,40,40,1,86.734,86.734,13.1298
43,Terrain-C,no_brain,40,40,1,86.734,86.734,13.1298
43,Terrain-D,empty_brain,40,40,1,110.215,110.215,20.9236
43,Terrain-D,no_brain,40,40,1,110.215,110.215,20.9236
53,Terrain-A,empty_brain,40,40,1,123.4915,123.4915,21.9475
53,Terrain-A,no_brain,40,40,1,123.4915,123.4915,21.9475
53,Terrain-B,empty_brain,40,40,1,138.274,138.274,20.6279
53,Terrain-B,no_brain,40,40,1,138.274,138.274,20.6279
53,Terrain-C,empty_brain,40,40,1,94.7826,94.7826,14.3482
53,Terrain-C,no_brain,40,40,1,94.7826,94.7826,14.3482
53,Terrain-D,empty_brain,40,40,1,74.7326,74.7326,14.1875
53,Terrain-D,no_brain,40,40,1,74.7326,74.7326,14.1875
