seed,train_world,test_world,mode,runs,goals,goal_rate,avg_energy,energy_score,gap_to_opt,same_world
7,Terrain-A,Terrain-A,with_brain,30,30,1,22.2075,22.2075,3.9468,1
7,Terrain-A,Terrain-A,no_brain,30,30,1,114.1603,114.1603,20.2892,1
7,Terrain-A,Terrain-B,with_brain,30,30,1,29.6342,29.6342,4.4209,0
7,Terrain-A,Terrain-B,no_brain,30,30,1,154.7548,154.7548,23.0865,0
7,Terrain-A,Terrain-C,with_brain,30,30,1,26.9828,26.9828,4.0847,0
7,Terrain-A,Terrain-C,no_brain,30,30,1,96.5679,96.5679,14.6185,0
7,Terrain-A,Terrain-D,with_brain,30,30,1,32.5236,32.5236,6.1744,0
7,Terrain-A,Terrain-D,no_brain,30,30,1,93.2602,93.2602,17.7048,0
17,Terrain-A,Terrain-A,with_brain,30,30,1,20.7128,20.7128,3.6812,1
17,Terrain-A,Terrain-A,no_brain,30,30,1,121.2691,121.2691,21.5526,1
17,Terrain-A,Terrain-B,with_brain,30,30,1,27.7478,27.7478,4.1394,0
17,Terrain-A,Terrain-B,no_brain,30,30,1,139.1894,139.1894,20.7644,0
17,Terrain-A,Terrain-C,with_brain,30,30,1,31.1411,31.1411,4.7141,0
17,Terrain-A,Terrain-C,no_brain,30,30,1,122.3539,122.3539,18.5219,0
17,Terrain-A,Terrain-D,with_brain,30,30,1,30.9558,30.9558,5.8768,0
17,Terrain-A,Terrain-D,no_brain,30,30,1,80.9493,80.9493,15.3677,0
27,Terrain-A,Terrain-A,with_brain,30,30,1,15.8481,15.8481,2.8166,1
27,Terrain-A,Terrain-A,no_brain,30,30,1,136.3143,136.3143,24.2265,1
27,Terrain-A,Terrain-B,with_brain,30,30,1,22.3798,22.3798,3.3386,0
27,Terrain-A,Terrain-B,no_brain,30,29,0.9667,150.2279,141.8864,22.4112,0
27,Terrain-A,Terrain-C,with_brain,30,30,1,21.7223,21.7223,3.2883,0
27,Terrain-A,Terrain-C,no_brain,30,30,1,86.1692,86.1692,13.0443,0
27,Terrain-A,Terrain-D,with_brain,30,30,1,32.3402,32.3402,6.1396,0
27,Terrain-A,Terrain-D,no_brain,30,30,1,86.4802,86.4802,16.4177,0
