seed,held_out,train_worlds,policy,hide_dest,runs,goals,goal_rate,avg_energy,energy_score,gap_to_opt,ltm_or_keys,votes_or_pref,rules_or_votes
101,Terrain-A,Terrain-B+Terrain-C+Terrain-D,SuccessWeighted,0,30,30,1,33.0519,33.0519,5.8741,512,321,512
101,Terrain-A,Terrain-B+Terrain-C+Terrain-D,TabularNgramBC,0,30,30,1,95.1282,95.1282,16.9067,205,35208,205
101,Terrain-A,Terrain-B+Terrain-C+Terrain-D,EmptyLTM,0,30,30,1,120.429,120.429,21.4033,0,0,0
202,Terrain-A,Terrain-B+Terrain-C+Terrain-D,SuccessWeighted,0,30,30,1,31.3102,31.3102,5.5646,512,342,512
202,Terrain-A,Terrain-B+Terrain-C+Terrain-D,TabularNgramBC,0,30,30,1,114.7686,114.7686,20.3972,206,35364,206
202,Terrain-A,Terrain-B+Terrain-C+Terrain-D,EmptyLTM,0,30,30,1,141.4705,141.4705,25.1429,0,0,0
303,Terrain-A,Terrain-B+Terrain-C+Terrain-D,SuccessWeighted,0,30,30,1,35.2158,35.2158,6.2587,512,322,512
303,Terrain-A,Terrain-B+Terrain-C+Terrain-D,TabularNgramBC,0,30,30,1,140.9167,140.9167,25.0444,213,35262,213
303,Terrain-A,Terrain-B+Terrain-C+Terrain-D,EmptyLTM,0,30,30,1,109.1831,109.1831,19.4046,0,0,0
404,Terrain-A,Terrain-B+Terrain-C+Terrain-D,SuccessWeighted,0,30,30,1,25.7959,25.7959,4.5846,512,321,512
404,Terrain-A,Terrain-B+Terrain-C+Terrain-D,TabularNgramBC,0,30,30,1,127.9884,127.9884,22.7468,207,35250,207
404,Terrain-A,Terrain-B+Terrain-C+Terrain-D,EmptyLTM,0,30,30,1,134.0224,134.0224,23.8191,0,0,0
505,Terrain-A,Terrain-B+Terrain-C+Terrain-D,SuccessWeighted,0,30,30,1,25.0552,25.0552,4.4529,512,326,512
505,Terrain-A,Terrain-B+Terrain-C+Terrain-D,TabularNgramBC,0,30,30,1,95.3914,95.3914,16.9534,200,35340,200
505,Terrain-A,Terrain-B+Terrain-C+Terrain-D,EmptyLTM,0,30,30,1,108.1413,108.1413,19.2194,0,0,0
101,Terrain-B,Terrain-A+Terrain-C+Terrain-D,SuccessWeighted,0,30,30,1,25.2404,25.2404,3.7654,512,361,512
101,Terrain-B,Terrain-A+Terrain-C+Terrain-D,TabularNgramBC,0,30,30,1,96.7299,96.7299,14.4303,249,35160,249
101,Terrain-B,Terrain-A+Terrain-C+Terrain-D,EmptyLTM,0,30,29,0.9667,176.2981,171.2755,26.3003,0,0,0
202,Terrain-B,Terrain-A+Terrain-C+Terrain-D,SuccessWeighted,0,30,30,1,24.4319,24.4319,3.6448,512,370,512
202,Terrain-B,Terrain-A+Terrain-C+Terrain-D,TabularNgramBC,0,30,30,1,96.5726,96.5726,14.4068,250,35295,250
202,Terrain-B,Terrain-A+Terrain-C+Terrain-D,EmptyLTM,0,30,30,1,106.2443,106.2443,15.8496,0,0,0
303,Terrain-B,Terrain-A+Terrain-C+Terrain-D,SuccessWeighted,0,30,30,1,33.9563,33.9563,5.0656,512,368,512
303,Terrain-B,Terrain-A+Terrain-C+Terrain-D,TabularNgramBC,0,30,30,1,123.0809,123.0809,18.3613,239,35268,239
303,Terrain-B,Terrain-A+Terrain-C+Terrain-D,EmptyLTM,0,30,30,1,133.2964,133.2964,19.8853,0,0,0
404,Terrain-B,Terrain-A+Terrain-C+Terrain-D,SuccessWeighted,0,30,30,1,21.7683,21.7683,3.2474,512,362,512
404,Terrain-B,Terrain-A+Terrain-C+Terrain-D,TabularNgramBC,0,30,30,1,66.7536,66.7536,9.9584,250,35202,250
404,Terrain-B,Terrain-A+Terrain-C+Terrain-D,EmptyLTM,0,30,30,1,122.4662,122.4662,18.2696,0,0,0
505,Terrain-B,Terrain-A+Terrain-C+Terrain-D,SuccessWeighted,0,30,30,1,23.7914,23.7914,3.5492,512,368,512
505,Terrain-B,Terrain-A+Terrain-C+Terrain-D,TabularNgramBC,0,30,30,1,92.6875,92.6875,13.8272,247,35238,247
505,Terrain-B,Terrain-A+Terrain-C+Terrain-D,EmptyLTM,0,30,30,1,160.4477,160.4477,23.9358,0,0,0
101,Terrain-C,Terrain-A+Terrain-B+Terrain-D,SuccessWeighted,0,30,30,1,28.7846,28.7846,4.3574,512,330,512
101,Terrain-C,Terrain-A+Terrain-B+Terrain-D,TabularNgramBC,0,30,30,1,94.2068,94.2068,14.261,252,35154,252
101,Terrain-C,Terrain-A+Terrain-B+Terrain-D,EmptyLTM,0,30,30,1,95.7492,95.7492,14.4945,0,0,0
202,Terrain-C,Terrain-A+Terrain-B+Terrain-D,SuccessWeighted,0,30,30,1,24.1084,24.1084,3.6495,512,327,512
202,Terrain-C,Terrain-A+Terrain-B+Terrain-D,TabularNgramBC,0,30,30,1,100.5596,100.5596,15.2227,249,35289,249
202,Terrain-C,Terrain-A+Terrain-B+Terrain-D,EmptyLTM,0,30,30,1,77.7484,77.7484,11.7696,0,0,0
303,Terrain-C,Terrain-A+Terrain-B+Terrain-D,SuccessWeighted,0,30,30,1,29.4813,29.4813,4.4629,512,336,512
303,Terrain-C,Terrain-A+Terrain-B+Terrain-D,TabularNgramBC,0,30,30,1,96.01,96.01,14.534,243,35262,243
303,Terrain-C,Terrain-A+Terrain-B+Terrain-D,EmptyLTM,0,30,30,1,81.965,81.965,12.4079,0,0,0
404,Terrain-C,Terrain-A+Terrain-B+Terrain-D,SuccessWeighted,0,30,30,1,25.4867,25.4867,3.8582,512,341,512
404,Terrain-C,Terrain-A+Terrain-B+Terrain-D,TabularNgramBC,0,30,30,1,106.0178,106.0178,16.049,253,35250,253
404,Terrain-C,Terrain-A+Terrain-B+Terrain-D,EmptyLTM,0,30,30,1,92.8211,92.8211,14.0513,0,0,0
505,Terrain-C,Terrain-A+Terrain-B+Terrain-D,SuccessWeighted,0,30,30,1,20.1232,20.1232,3.0463,512,331,512
505,Terrain-C,Terrain-A+Terrain-B+Terrain-D,TabularNgramBC,0,30,30,1,79.5496,79.5496,12.0422,244,35262,244
505,Terrain-C,Terrain-A+Terrain-B+Terrain-D,EmptyLTM,0,30,30,1,112.7583,112.7583,17.0694,0,0,0
101,Terrain-D,Terrain-A+Terrain-B+Terrain-C,SuccessWeighted,0,30,30,1,31.1434,31.1434,5.9124,512,322,512
101,Terrain-D,Terrain-A+Terrain-B+Terrain-C,TabularNgramBC,0,30,30,1,75.3977,75.3977,14.3137,250,36729,250
101,Terrain-D,Terrain-A+Terrain-B+Terrain-C,EmptyLTM,0,30,30,1,88.0846,88.0846,16.7223,0,0,0
202,Terrain-D,Terrain-A+Terrain-B+Terrain-C,SuccessWeighted,0,30,30,1,28.3202,28.3202,5.3764,512,317,512
202,Terrain-D,Terrain-A+Terrain-B+Terrain-C,TabularNgramBC,0,30,30,1,93.1852,93.1852,17.6906,246,36888,246
202,Terrain-D,Terrain-A+Terrain-B+Terrain-C,EmptyLTM,0,30,30,1,90.248,90.248,17.133,0,0,0
303,Terrain-D,Terrain-A+Terrain-B+Terrain-C,SuccessWeighted,0,30,30,1,31.2077,31.2077,5.9246,512,318,512
303,Terrain-D,Terrain-A+Terrain-B+Terrain-C,TabularNgramBC,0,30,30,1,93.5629,93.5629,17.7623,240,36864,240
303,Terrain-D,Terrain-A+Terrain-B+Terrain-C,EmptyLTM,0,30,30,1,94.2272,94.2272,17.8884,0,0,0
404,Terrain-D,Terrain-A+Terrain-B+Terrain-C,SuccessWeighted,0,30,30,1,28.3955,28.3955,5.3907,512,321,512
404,Terrain-D,Terrain-A+Terrain-B+Terrain-C,TabularNgramBC,0,30,30,1,121.6934,121.6934,23.1027,251,36777,251
404,Terrain-D,Terrain-A+Terrain-B+Terrain-C,EmptyLTM,0,30,30,1,112.5779,112.5779,21.3722,0,0,0
505,Terrain-D,Terrain-A+Terrain-B+Terrain-C,SuccessWeighted,0,30,30,1,23.1373,23.1373,4.3925,512,311,512
505,Terrain-D,Terrain-A+Terrain-B+Terrain-C,TabularNgramBC,0,30,30,1,94.9303,94.9303,18.0219,243,36804,243
505,Terrain-D,Terrain-A+Terrain-B+Terrain-C,EmptyLTM,0,30,30,1,81.2135,81.2135,15.4179,0,0,0
